Date,Open,High,Low,Close,Volume,Dividends,Stock Splits,Ticker
2025-01-02 00:00:00-05:00,423.90026204092493,424.43820240788705,413.2611726539346,416.97686767578125,16896500,0.0,0.0,MSFT
2025-01-03 00:00:00-05:00,419.4672816518615,422.40599553232005,417.93320162542307,421.7286071777344,16662900,0.0,0.0,MSFT
2025-01-06 00:00:00-05:00,426.3607841744266,432.6565862275622,423.85044657634234,426.21136474609375,20573600,0.0,0.0,MSFT
2025-01-07 00:00:00-05:00,427.356962317073,429.00063686122985,419.18835553907815,420.7523498535156,18139100,0.0,0.0,MSFT
2025-01-08 00:00:00-05:00,421.8381972488523,425.33476415419165,419.9255676122581,422.9339904785156,15054600,0.0,0.0,MSFT
2025-01-10 00:00:00-05:00,423.0036976315441,423.0833778600729,413.4304875422897,417.345458984375,20201100,0.0,0.0,MSFT
2025-01-13 00:00:00-05:00,413.6496498082875,416.8971739621178,410.71096634455273,415.5921936035156,17604800,0.0,0.0,MSFT
2025-01-14 00:00:00-05:00,416.2098216251219,418.13242259689986,409.1469793562449,414.0780334472656,16935900,0.0,0.0,MSFT
2025-01-15 00:00:00-05:00,417.52478252697114,426.51022596326726,416.6680604251186,424.6772766113281,19637800,0.0,0.0,MSFT
2025-01-16 00:00:00-05:00,427.0581034768278,427.8450559110229,422.76461308505725,422.953857421875,15300000,0.0,0.0,MSFT
2025-01-17 00:00:00-05:00,432.4274897834489,432.816010728012,426.53017961505896,427.3868713378906,26197500,0.0,0.0,MSFT
2025-01-21 00:00:00-05:00,428.55235740588927,429.2496581837696,423.96996920550396,426.8588562011719,26085700,0.0,0.0,MSFT
2025-01-22 00:00:00-05:00,435.8841949618168,445.55699830786784,434.3301720077898,444.4911193847656,27803800,0.0,0.0,MSFT
2025-01-23 00:00:00-05:00,440.30716256200645,445.03897030447143,439.8090775364838,444.9991149902344,18389300,0.0,0.0,MSFT
2025-01-24 00:00:00-05:00,443.4550766157881,444.9393603072831,439.70946738545626,442.3592834472656,15549500,0.0,0.0,MSFT
2025-01-27 00:00:00-05:00,422.3860783898249,433.5332238334213,421.8780219291722,432.8956604003906,35647800,0.0,0.0,MSFT
2025-01-28 00:00:00-05:00,432.93552501884864,446.66274757404807,429.72785612913765,445.4872741699219,23491700,0.0,0.0,MSFT
2025-01-29 00:00:00-05:00,444.97921209968376,445.16848684550723,438.7132938317083,440.6358947753906,23581400,0.0,0.0,MSFT
2025-01-30 00:00:00-05:00,417.1661258658952,421.24045777086803,411.57762641112805,413.4006042480469,54586300,0.0,0.0,MSFT
2025-01-31 00:00:00-05:00,417.37536767699305,419.078810069406,413.32094799383236,413.4703674316406,34223400,0.0,0.0,MSFT
2025-02-03 00:00:00-05:00,410.02361028085903,413.819015846871,407.09486781879804,409.3462219238281,25679100,0.0,0.0,MSFT
2025-02-04 00:00:00-05:00,411.1094311345796,412.3347312724244,408.1707172498281,410.7906494140625,20532100,0.0,0.0,MSFT
2025-02-05 00:00:00-05:00,410.7707509847515,412.2450632912695,408.82820710975375,411.7071533203125,16316700,0.0,0.0,MSFT
2025-02-06 00:00:00-05:00,412.41441067873023,416.59833715024297,412.41441067873023,414.2274475097656,16309800,0.0,0.0,MSFT
2025-02-07 00:00:00-05:00,414.8849302333569,417.0466023053385,406.5370200109021,408.1806945800781,22886800,0.0,0.0,MSFT
2025-02-10 00:00:00-05:00,412.1255190561223,413.8688167120759,409.34622639599064,410.6412353515625,20817900,0.0,0.0,MSFT
2025-02-11 00:00:00-05:00,408.0711332799312,410.9101937368833,407.7324086942097,409.8642272949219,18140600,0.0,0.0,MSFT
2025-02-12 00:00:00-05:00,405.65041091349894,409.17686151888216,402.82129152637,407.4734191894531,19121700,0.0,0.0,MSFT
2025-02-13 00:00:00-05:00,405.4412312140984,409.425911619151,404.80366775695455,408.9676818847656,23891700,0.0,0.0,MSFT
2025-02-14 00:00:00-05:00,406.22818963820515,407.3438952203064,404.3255012113121,406.86572265625,22758500,0.0,0.0,MSFT
2025-02-18 00:00:00-05:00,406.4374029097933,409.0274512633779,404.94314775203674,408.0711364746094,21423100,0.0,0.0,MSFT
2025-02-19 00:00:00-05:00,406.31786140389937,413.8987012007662,406.0887313388178,413.18145751953125,24114200,0.0,0.0,MSFT
2025-02-20 00:00:00-05:00,414.52900508229465,418.5416276159257,411.78404435480104,415.3674621582031,23508700,0.83,0.0,MSFT
2025-02-21 00:00:00-05:00,416.57521868274245,417.28390907488637,407.14255413255484,407.4619445800781,27524800,0.0,0.0,MSFT
2025-02-24 00:00:00-05:00,407.7614192904554,408.6198287275297,398.58825743588903,403.2596740722656,26443700,0.0,0.0,MSFT
2025-02-25 00:00:00-05:00,400.3649855487621,401.18349019975926,395.9730546936776,397.17083740234375,29387400,0.0,0.0,MSFT
2025-02-26 00:00:00-05:00,397.28064827533655,402.860400830509,393.5275288045757,398.99749755859375,19619000,0.0,0.0,MSFT
2025-02-27 00:00:00-05:00,400.53467393026557,404.9964840093174,391.45137377356565,391.8106994628906,21127400,0.0,0.0,MSFT
2025-02-28 00:00:00-05:00,391.94046026830176,396.9013540385077,385.86162375466716,396.26251220703125,32845700,0.0,0.0,MSFT
2025-03-03 00:00:00-05:00,398.0891633417286,398.0891633417286,385.4523593369203,387.778076171875,23007700,0.0,0.0,MSFT
2025-03-04 00:00:00-05:00,382.6974135187692,391.86058386063223,380.30181761040467,387.8978576660156,29342900,0.0,0.0,MSFT
2025-03-05 00:00:00-05:00,388.62653647287385,400.9339589862258,388.09750890861034,400.2851257324219,23433100,0.0,0.0,MSFT
2025-03-06 00:00:00-05:00,393.557486671848,401.4130601425524,391.9604125552081,396.1627197265625,23304600,0.0,0.0,MSFT
2025-03-07 00:00:00-05:00,391.601087821307,394.07652376953155,384.83351327034705,392.5892639160156,22034100,0.0,0.0,MSFT
2025-03-10 00:00:00-04:00,385.1329632711281,385.69193466137494,376.5287638766263,379.46337890625,32840100,0.0,0.0,MSFT
2025-03-11 00:00:00-04:00,378.30548307291184,385.29265558349334,376.2193166501511,379.7528381347656,30380200,0.0,0.0,MSFT
2025-03-12 00:00:00-04:00,382.2482670126177,384.5140963348653,378.2555969008229,382.5676574707031,24253600,0.0,0.0,MSFT
2025-03-13 00:00:00-04:00,382.4578672121625,384.6139126915579,376.75833925298997,378.0758972167969,20473000,0.0,0.0,MSFT
2025-03-14 00:00:00-04:00,379.0840519928303,389.51491455417886,378.81455773398244,387.84796142578125,19952800,0.0,0.0,MSFT
2025-03-17 00:00:00-04:00,385.9913968692823,391.99036302361236,384.8634626840814,387.98773193359375,22474300,0.0,0.0,MSFT
2025-03-18 00:00:00-04:00,386.36071271152235,386.6601507855219,380.4016513456866,382.81719970703125,19486900,0.0,0.0,MSFT
2025-03-19 00:00:00-04:00,384.8235322758774,388.9659214939022,383.29633715100766,387.1093444824219,19185500,0.0,0.0,MSFT
2025-03-20 00:00:00-04:00,385.0331131975468,391.07204471614995,382.5776297310475,386.131103515625,18470500,0.0,0.0,MSFT
2025-03-21 00:00:00-04:00,382.5177544739553,391.0221306945889,382.09851071654674,390.54302978515625,39675900,0.0,0.0,MSFT
2025-03-24 00:00:00-04:00,394.67543616141086,394.67543616141086,389.09568331150246,392.35968017578125,21004500,0.0,0.0,MSFT
2025-03-25 00:00:00-04:00,393.19816458592396,395.63366532055824,391.9205113732519,394.4358825683594,15775000,0.0,0.0,MSFT
2025-03-26 00:00:00-04:00,394.27618318122023,394.5856126855185,387.85797313035886,389.2554016113281,16108400,0.0,0.0,MSFT
2025-03-27 00:00:00-04:00,389.4151007040484,391.5212195564284,386.6900923994873,389.8642578125,13766800,0.0,0.0,MSFT
2025-03-28 00:00:00-04:00,387.36882809704144,388.4169222438939,376.2392666189567,378.1058349609375,21632000,0.0,0.0,MSFT
2025-03-31 00:00:00-04:00,371.8573344110368,376.3790320336197,366.5670283067677,374.7021179199219,35184700,0.0,0.0,MSFT
2025-04-01 00:00:00-04:00,373.96346276032,382.1484487727996,372.54608191207893,381.4896545410156,19689500,0.0,0.0,MSFT
2025-04-02 00:00:00-04:00,377.2773862564683,384.3743428432238,375.92985398533636,381.43975830078125,16092600,0.0,0.0,MSFT
2025-04-03 00:00:00-04:00,374.10321411915555,376.788287190408,368.67318036225987,372.42626953125,30198000,0.0,0.0,MSFT
2025-04-04 00:00:00-04:00,363.4627502923482,373.9035742050073,358.8212773354498,359.18060302734375,49209900,0.0,0.0,MSFT
2025-04-07 00:00:00-04:00,350.2370336524557,370.32015981776436,344.1581969485817,357.2042236328125,50425000,0.0,0.0,MSFT
2025-04-08 00:00:00-04:00,367.585185716996,372.9652928837084,349.6081786868937,353.9102783203125,35868900,0.0,0.0,MSFT
2025-04-09 00:00:00-04:00,352.8921435234206,392.50941370351666,352.45294739016697,389.7744140625,50199700,0.0,0.0,MSFT
2025-04-10 00:00:00-04:00,381.3598744812396,383.19649903483815,367.12599611378243,380.65118408203125,38024400,0.0,0.0,MSFT
2025-04-11 00:00:00-04:00,379.9425037151649,389.3352333779351,378.19571053548395,387.7381896972656,23839200,0.0,0.0,MSFT
2025-04-14 00:00:00-04:00,392.4994245329486,393.92679674338564,383.5059256339463,387.0993347167969,19251200,0.0,0.0,MSFT
2025-04-15 00:00:00-04:00,387.79806728846995,391.17187833074144,383.4560325474498,385.0231628417969,17199900,0.0,0.0,MSFT
2025-04-16 00:00:00-04:00,379.97244183574617,380.9106912763521,367.32564600100716,370.92901611328125,21967800,0.0,0.0,MSFT
2025-04-17 00:00:00-04:00,373.0651098854367,373.6340726815441,366.2176953329466,367.1060485839844,20943700,0.0,0.0,MSFT
2025-04-21 00:00:00-04:00,362.1551460624454,363.8121077971333,355.01825440362086,358.4619140625,20807300,0.0,0.0,MSFT
2025-04-22 00:00:00-04:00,362.7141283475077,367.09606804173376,359.20055908423666,366.1478271484375,19485000,0.0,0.0,MSFT
2025-04-23 00:00:00-04:00,375.3708716590499,379.6929540391626,372.33643389707953,373.7039489746094,20545500,0.0,0.0,MSFT
2025-04-24 00:00:00-04:00,375.01155205300716,387.7381880213899,374.5024768665421,386.59027099609375,22232300,0.0,0.0,MSFT
2025-04-25 00:00:00-04:00,386.29083932956814,391.44138750936105,383.8952433175299,391.1319580078125,18973200,0.0,0.0,MSFT
2025-04-28 00:00:00-04:00,391.241728610284,392.0202980494585,385.9315006090283,390.4432067871094,16579400,0.0,0.0,MSFT
2025-04-29 00:00:00-04:00,390.5829324517716,394.3759872470841,389.66463540586307,393.31793212890625,14974000,0.0,0.0,MSFT
2025-04-30 00:00:00-04:00,389.58477271143016,395.93313400867555,383.73552563819743,394.53570556640625,36461100,0.0,0.0,MSFT
2025-05-01 00:00:00-04:00,430.3199808366381,436.1892106723326,424.12136912560175,424.6204528808594,58938100,0.0,0.0,MSFT
2025-05-02 00:00:00-04:00,430.948839257634,438.63474141621873,429.20204608174254,434.48236083984375,30757400,0.0,0.0,MSFT
2025-05-05 00:00:00-04:00,432.07675654489867,438.6946118778074,431.3181395047298,435.3707275390625,20136100,0.0,0.0,MSFT
2025-05-06 00:00:00-04:00,431.408009380462,436.92787448428356,430.3798980651205,432.5159606933594,15104200,0.0,0.0,MSFT
2025-05-07 00:00:00-04:00,433.04500054847074,437.3171563878889,430.319992206568,432.555908203125,23295300,0.0,0.0,MSFT
2025-05-08 00:00:00-04:00,437.12748451655574,442.85698666150637,434.86165526525525,437.3670654296875,23491300,0.0,0.0,MSFT
2025-05-09 00:00:00-04:00,439.19371771814804,439.93235195021686,435.08127232610667,437.9260559082031,15324200,0.0,0.0,MSFT
2025-05-12 00:00:00-04:00,445.12281367736733,448.5465208630377,438.9740982732109,448.4367370605469,22821900,0.0,0.0,MSFT
2025-05-13 00:00:00-04:00,446.9594623818115,449.8441812103938,444.54388351816056,448.3169860839844,23618800,0.0,0.0,MSFT
2025-05-14 00:00:00-04:00,447.3187935842875,453.0682176126866,447.3187935842875,452.1099853515625,19902800,0.0,0.0,MSFT
2025-05-15 00:00:00-04:00,450.7699890136719,456.19000244140625,450.42999267578125,453.1300048828125,21992300,0.83,0.0,MSFT
2025-05-16 00:00:00-04:00,452.04998779296875,454.3599853515625,448.7300109863281,454.2699890136719,23849800,0.0,0.0,MSFT
2025-05-19 00:00:00-04:00,450.8800048828125,459.5899963378906,450.79998779296875,458.8699951171875,21336500,0.0,0.0,MSFT
2025-05-20 00:00:00-04:00,455.5899963378906,458.3399963378906,454.32000732421875,458.1700134277344,15441800,0.0,0.0,MSFT
2025-05-21 00:00:00-04:00,454.57000732421875,457.7799987792969,451.80999755859375,452.57000732421875,19216900,0.0,0.0,MSFT
2025-05-22 00:00:00-04:00,454.95001220703125,460.25,453.8999938964844,454.8599853515625,18025600,0.0,0.0,MSFT
2025-05-23 00:00:00-04:00,449.9800109863281,453.69000244140625,448.9100036621094,450.17999267578125,16883500,0.0,0.0,MSFT
2025-05-27 00:00:00-04:00,456.4800109863281,460.95001220703125,456.1199951171875,460.69000244140625,20974300,0.0,0.0,MSFT
2025-05-28 00:00:00-04:00,461.2200012207031,462.5199890136719,456.92999267578125,457.3599853515625,17086300,0.0,0.0,MSFT
2025-05-29 00:00:00-04:00,461.54998779296875,461.7200012207031,455.30999755859375,458.67999267578125,13974800,0.0,0.0,MSFT
2025-05-30 00:00:00-04:00,459.7200012207031,461.67999267578125,455.5400085449219,460.3599853515625,34770500,0.0,0.0,MSFT
2025-01-02 00:00:00-05:00,135.98748671158143,138.8672266066605,134.61761764692358,138.29727172851562,198247200,0.0,0.0,NVDA
2025-01-03 00:00:00-05:00,139.99711439640743,144.88666393436952,139.71714137538024,144.4567108154297,229322500,0.0,0.0,NVDA
2025-01-06 00:00:00-05:00,148.57632545203526,152.14600432101588,147.80640728049391,149.41624450683594,265377400,0.0,0.0,NVDA
2025-01-07 00:00:00-05:00,153.0159191493047,153.1159160516902,139.99711279126652,140.12710571289062,351782200,0.0,0.0,NVDA
2025-01-08 00:00:00-05:00,142.5668963792699,143.9367655713296,137.5473535279277,140.0971221923828,227349900,0.0,0.0,NVDA
2025-01-10 00:00:00-05:00,137.43735839735214,139.90713250101766,134.20765966847648,135.8975067138672,207602500,0.0,0.0,NVDA
2025-01-13 00:00:00-05:00,129.97805065881337,133.47772877314173,129.49808381781634,133.21774291992188,204808900,0.0,0.0,NVDA
2025-01-14 00:00:00-05:00,136.0374931021696,136.3674645891877,130.03804480886453,131.7478790283203,195590500,0.0,0.0,NVDA
2025-01-15 00:00:00-05:00,133.63770458598145,136.43745017340345,131.277920981104,136.22747802734375,185217300,0.0,0.0,NVDA
2025-01-16 00:00:00-05:00,138.6272498193542,138.73724031386243,133.47772952507327,133.55772399902344,209235600,0.0,0.0,NVDA
2025-01-17 00:00:00-05:00,136.67743145335606,138.48726255165812,135.44754884500142,137.6973419189453,201188800,0.0,0.0,NVDA
2025-01-21 00:00:00-05:00,139.14720257048143,141.8169551308445,137.07738566270945,140.81704711914062,197749000,0.0,0.0,NVDA
2025-01-22 00:00:00-05:00,144.64670591256592,147.77640781491758,143.65679142482674,147.05648803710938,237651400,0.0,0.0,NVDA
2025-01-23 00:00:00-05:00,145.03666800279981,147.2164602628041,143.706788444335,147.2064666748047,155915500,0.0,0.0,NVDA
2025-01-24 00:00:00-05:00,148.35634349735062,148.95629439391405,141.86695041120194,142.60687255859375,234657600,0.0,0.0,NVDA
2025-01-27 00:00:00-05:00,124.78852130861458,128.3881809500624,116.68926041493282,118.40910339355469,818830900,0.0,0.0,NVDA
2025-01-28 00:00:00-05:00,121.79880142784785,128.9881430022562,116.23931491482392,128.9781494140625,579666400,0.0,0.0,NVDA
2025-01-29 00:00:00-05:00,126.48836708502724,126.87833061040895,120.03896327722832,123.6886215209961,467120600,0.0,0.0,NVDA
2025-01-30 00:00:00-05:00,123.08867408422283,124.9885008224628,118.08913405132431,124.63853454589844,392925500,0.0,0.0,NVDA
2025-01-31 00:00:00-05:00,123.76861793270326,127.83824341487099,119.1790436181177,120.0589599609375,390372900,0.0,0.0,NVDA
2025-02-03 00:00:00-05:00,114.7394486968032,118.55909714130068,112.99961082645434,116.64927673339844,371235700,0.0,0.0,NVDA
2025-02-04 00:00:00-05:00,116.94924444838958,121.1888524384042,116.68926621972048,118.63909149169922,256550000,0.0,0.0,NVDA
2025-02-05 00:00:00-05:00,121.74880228526035,124.98850212428793,120.74889426826606,124.81851959228516,262230800,0.0,0.0,NVDA
2025-02-06 00:00:00-05:00,127.40827329026631,128.7581551695,125.19847756454047,128.66815185546875,251483600,0.0,0.0,NVDA
2025-02-07 00:00:00-05:00,129.20811063964976,130.35799871586244,124.9884977355082,129.8280487060547,228186300,0.0,0.0,NVDA
2025-02-10 00:00:00-05:00,130.0780330404282,134.98758517024453,129.94805537047182,133.55772399902344,216989100,0.0,0.0,NVDA
2025-02-11 00:00:00-05:00,132.56781502240796,134.4676342706669,131.0079608594355,132.7877960205078,178902400,0.0,0.0,NVDA
2025-02-12 00:00:00-05:00,130.00805277951918,132.22784993678553,129.0681367435288,131.12794494628906,160278600,0.0,0.0,NVDA
2025-02-13 00:00:00-05:00,131.54790450828392,136.487452862588,131.15794096754342,135.27755737304688,197430000,0.0,0.0,NVDA
2025-02-14 00:00:00-05:00,136.46744211776974,139.23719160158925,135.4875365315285,138.8372344970703,195479600,0.0,0.0,NVDA
2025-02-18 00:00:00-05:00,141.25701494818574,143.4268135927519,137.91731045487123,139.38717651367188,219176600,0.0,0.0,NVDA
2025-02-19 00:00:00-05:00,139.49716663707372,141.34700263351252,137.2073839146051,139.21719360351562,167536000,0.0,0.0,NVDA
2025-02-20 00:00:00-05:00,140.01712771481476,140.6470746897965,136.7774200315485,140.0971221923828,143903600,0.0,0.0,NVDA
2025-02-21 00:00:00-05:00,140.02711787829398,141.4470007486669,134.01767593596887,134.41763305664062,228217600,0.0,0.0,NVDA
2025-02-24 00:00:00-05:00,136.5474420161462,138.57725415414035,130.06804206967678,130.2680206298828,251381100,0.0,0.0,NVDA
2025-02-25 00:00:00-05:00,129.96804527013506,130.18802626376245,124.42856133510212,126.61835479736328,271428700,0.0,0.0,NVDA
2025-02-26 00:00:00-05:00,129.97805439122038,133.71770077604796,128.478192299153,131.26792907714844,322553800,0.0,0.0,NVDA
2025-02-27 00:00:00-05:00,134.9875872324259,134.99758082030266,119.99896764539281,120.13895416259766,443175800,0.0,0.0,NVDA
2025-02-28 00:00:00-05:00,118.00914142194866,125.07849083366686,116.38929530836823,124.90850830078125,389091100,0.0,0.0,NVDA
2025-03-03 00:00:00-05:00,123.49864257535764,123.68861991301428,112.26967207329028,114.04950714111328,411381400,0.0,0.0,NVDA
2025-03-04 00:00:00-05:00,110.63982667322061,119.29902637351395,110.09987541363249,115.97933197021484,398163300,0.0,0.0,NVDA
2025-03-05 00:00:00-05:00,117.56918811598004,118.26912068620358,114.49947076595478,117.28921508789062,284337900,0.0,0.0,NVDA
2025-03-06 00:00:00-05:00,113.51955654224739,115.3393888375433,110.209863429875,110.55982971191406,321181900,0.0,0.0,NVDA
2025-03-07 00:00:00-05:00,111.2397716760376,113.46957000648335,107.5501084934214,112.67964172363281,341755500,0.0,0.0,NVDA
2025-03-10 00:00:00-04:00,109.88989097369002,111.83970852661247,105.45029700249104,106.97016143798828,366487400,0.0,0.0,NVDA
2025-03-11 00:00:00-04:00,106.98015850635034,112.22967568900775,104.76036144852146,108.75,354865700,0.0,0.0,NVDA
2025-03-12 00:00:00-04:00,114.12000274658203,116.76000213623047,112.87999725341797,115.73999786376953,323857500,0.01,0.0,NVDA
2025-03-13 00:00:00-04:00,117.02999877929688,117.76000213623047,113.79000091552734,115.58000183105469,299033100,0.0,0.0,NVDA
2025-03-14 00:00:00-04:00,118.61000061035156,121.87999725341797,118.1500015258789,121.66999816894531,277593500,0.0,0.0,NVDA
2025-03-17 00:00:00-04:00,122.73999786376953,122.88999938964844,118.02999877929688,119.52999877929688,255501500,0.0,0.0,NVDA
2025-03-18 00:00:00-04:00,118.0,119.0199966430664,114.54000091552734,115.43000030517578,299686900,0.0,0.0,NVDA
2025-03-19 00:00:00-04:00,117.2699966430664,120.44999694824219,115.68000030517578,117.5199966430664,273426200,0.0,0.0,NVDA
2025-03-20 00:00:00-04:00,116.55000305175781,120.19999694824219,116.47000122070312,118.52999877929688,248829700,0.0,0.0,NVDA
2025-03-21 00:00:00-04:00,116.94000244140625,117.98999786376953,115.41999816894531,117.69999694824219,266498500,0.0,0.0,NVDA
2025-03-24 00:00:00-04:00,119.87999725341797,122.22000122070312,119.33999633789062,121.41000366210938,228452500,0.0,0.0,NVDA
2025-03-25 00:00:00-04:00,120.55000305175781,121.29000091552734,118.91999816894531,120.69000244140625,167447200,0.0,0.0,NVDA
2025-03-26 00:00:00-04:00,118.7300033569336,118.83999633789062,112.70999908447266,113.76000213623047,293463300,0.0,0.0,NVDA
2025-03-27 00:00:00-04:00,111.3499984741211,114.44999694824219,110.66000366210938,111.43000030517578,236902100,0.0,0.0,NVDA
2025-03-28 00:00:00-04:00,111.48999786376953,112.87000274658203,109.06999969482422,109.66999816894531,229872500,0.0,0.0,NVDA
2025-03-31 00:00:00-04:00,105.12999725341797,110.95999908447266,103.6500015258789,108.37999725341797,299212700,0.0,0.0,NVDA
2025-04-01 00:00:00-04:00,108.5199966430664,110.19999694824219,106.47000122070312,110.1500015258789,222614000,0.0,0.0,NVDA
2025-04-02 00:00:00-04:00,107.29000091552734,111.9800033569336,106.79000091552734,110.41999816894531,220601200,0.0,0.0,NVDA
2025-04-03 00:00:00-04:00,103.51000213623047,105.62999725341797,101.5999984741211,101.80000305175781,338769400,0.0,0.0,NVDA
2025-04-04 00:00:00-04:00,98.91000366210938,100.12999725341797,92.11000061035156,94.30999755859375,532273800,0.0,0.0,NVDA
2025-04-07 00:00:00-04:00,87.45999908447266,101.75,86.62000274658203,97.63999938964844,611041300,0.0,0.0,NVDA
2025-04-08 00:00:00-04:00,103.80999755859375,105.8499984741211,94.45999908447266,96.30000305175781,476243400,0.0,0.0,NVDA
2025-04-09 00:00:00-04:00,98.88999938964844,115.0999984741211,97.52999877929688,114.33000183105469,612918300,0.0,0.0,NVDA
2025-04-10 00:00:00-04:00,109.37000274658203,110.86000061035156,99.1500015258789,107.56999969482422,437812400,0.0,0.0,NVDA
2025-04-11 00:00:00-04:00,108.5,111.55000305175781,107.4800033569336,110.93000030517578,313417300,0.0,0.0,NVDA
2025-04-14 00:00:00-04:00,114.11000061035156,114.29000091552734,109.06999969482422,110.70999908447266,264705000,0.0,0.0,NVDA
2025-04-15 00:00:00-04:00,110.97000122070312,113.62000274658203,110.5,112.19999694824219,228966900,0.0,0.0,NVDA
2025-04-16 00:00:00-04:00,104.55000305175781,106.79000091552734,100.44999694824219,104.48999786376953,397016900,0.0,0.0,NVDA
2025-04-17 00:00:00-04:00,104.44999694824219,104.47000122070312,100.05000305175781,101.48999786376953,290833400,0.0,0.0,NVDA
2025-04-21 00:00:00-04:00,98.7699966430664,99.44000244140625,95.04000091552734,96.91000366210938,288501100,0.0,0.0,NVDA
2025-04-22 00:00:00-04:00,98.77999877929688,99.80999755859375,97.27999877929688,98.88999938964844,241004800,0.0,0.0,NVDA
2025-04-23 00:00:00-04:00,104.5199966430664,104.80000305175781,102.0199966430664,102.70999908447266,247526000,0.0,0.0,NVDA
2025-04-24 00:00:00-04:00,103.4800033569336,106.54000091552734,103.11000061035156,106.43000030517578,220815000,0.0,0.0,NVDA
2025-04-25 00:00:00-04:00,106.8499984741211,111.91999816894531,105.7300033569336,111.01000213623047,251064700,0.0,0.0,NVDA
2025-04-28 00:00:00-04:00,109.69000244140625,110.37000274658203,106.0199966430664,108.7300033569336,207708500,0.0,0.0,NVDA
2025-04-29 00:00:00-04:00,107.66999816894531,110.19999694824219,107.44000244140625,109.0199966430664,170444300,0.0,0.0,NVDA
2025-04-30 00:00:00-04:00,104.47000122070312,108.91999816894531,104.08000183105469,108.91999816894531,235044600,0.0,0.0,NVDA
2025-05-01 00:00:00-04:00,113.08000183105469,114.94000244140625,111.30000305175781,111.61000061035156,236121500,0.0,0.0,NVDA
2025-05-02 00:00:00-04:00,114.18000030517578,115.4000015258789,113.37000274658203,114.5,190194800,0.0,0.0,NVDA
2025-05-05 00:00:00-04:00,112.91000366210938,114.66999816894531,112.66000366210938,113.81999969482422,133163200,0.0,0.0,NVDA
2025-05-06 00:00:00-04:00,111.4800033569336,114.73999786376953,110.81999969482422,113.54000091552734,158525600,0.0,0.0,NVDA
2025-05-07 00:00:00-04:00,113.05000305175781,117.68000030517578,112.27999877929688,117.05999755859375,206758800,0.0,0.0,NVDA
2025-05-08 00:00:00-04:00,118.25,118.68000030517578,115.8499984741211,117.37000274658203,198428100,0.0,0.0,NVDA
2025-05-09 00:00:00-04:00,117.3499984741211,118.2300033569336,115.20999908447266,116.6500015258789,132972200,0.0,0.0,NVDA
2025-05-12 00:00:00-04:00,121.97000122070312,123.0,120.27999877929688,123.0,225023300,0.0,0.0,NVDA
2025-05-13 00:00:00-04:00,124.9800033569336,131.22000122070312,124.47000122070312,129.92999267578125,330430100,0.0,0.0,NVDA
2025-05-14 00:00:00-04:00,133.1999969482422,135.44000244140625,131.67999267578125,135.33999633789062,281180800,0.0,0.0,NVDA
2025-05-15 00:00:00-04:00,134.2899932861328,136.3000030517578,132.66000366210938,134.8300018310547,226632600,0.0,0.0,NVDA
2025-05-16 00:00:00-04:00,136.22000122070312,136.35000610351562,133.4600067138672,135.39999389648438,226542500,0.0,0.0,NVDA
2025-05-19 00:00:00-04:00,132.38999938964844,135.8699951171875,132.38999938964844,135.57000732421875,193154600,0.0,0.0,NVDA
2025-05-20 00:00:00-04:00,134.2899932861328,134.5800018310547,132.6199951171875,134.3800048828125,161514200,0.0,0.0,NVDA
2025-05-21 00:00:00-04:00,133.05999755859375,137.39999389648438,130.58999633789062,131.8000030517578,270608700,0.0,0.0,NVDA
2025-05-22 00:00:00-04:00,132.22999572753906,134.25,131.5500030517578,132.8300018310547,187344000,0.0,0.0,NVDA
2025-05-23 00:00:00-04:00,130.0,132.67999267578125,129.16000366210938,131.2899932861328,198821300,0.0,0.0,NVDA
2025-05-27 00:00:00-04:00,134.14999389648438,135.66000366210938,133.30999755859375,135.5,192953600,0.0,0.0,NVDA
2025-05-28 00:00:00-04:00,136.02999877929688,137.25,134.7899932861328,134.80999755859375,304021100,0.0,0.0,NVDA
2025-05-29 00:00:00-04:00,142.25,143.49000549316406,137.91000366210938,139.19000244140625,369241900,0.0,0.0,NVDA
2025-05-30 00:00:00-04:00,138.72000122070312,139.6199951171875,132.9199981689453,135.1300048828125,333170900,0.0,0.0,NVDA
2025-01-02 00:00:00-05:00,248.3309608077005,248.5005651105234,241.23808511721737,243.26319885253906,55740700,0.0,0.0,AAPL
2025-01-03 00:00:00-05:00,242.7743682861328,243.5923870862029,241.3079045417172,242.7743682861328,40244100,0.0,0.0,AAPL
2025-01-06 00:00:00-05:00,243.72207367593157,246.73481040856498,242.61474424512696,244.41041564941406,45045600,0.0,0.0,AAPL
2025-01-07 00:00:00-05:00,242.3952722906863,244.9590949760797,240.76920518354387,241.62713623046875,40856000,0.0,0.0,AAPL
2025-01-08 00:00:00-05:00,241.33781457710975,243.12351544341067,239.47231962725974,242.11593627929688,37628900,0.0,0.0,AAPL
2025-01-10 00:00:00-05:00,239.4324132245663,239.58206138453855,232.4392881886217,236.280029296875,61710900,0.0,0.0,AAPL
2025-01-13 00:00:00-05:00,232.96802072299363,234.10527676213235,229.16719172961072,233.83592224121094,49630700,0.0,0.0,AAPL
2025-01-14 00:00:00-05:00,234.1850763475817,235.55177458449063,231.9105643637605,232.71861267089844,39435300,0.0,0.0,AAPL
2025-01-15 00:00:00-05:00,234.07533889356793,238.38495013235746,233.86583756026477,237.2975616455078,39832000,0.0,0.0,AAPL
2025-01-16 00:00:00-05:00,236.77883010316478,237.4372302632713,227.4812511099753,227.710693359375,71759100,0.0,0.0,AAPL
2025-01-17 00:00:00-05:00,231.5614090278119,231.73099810398455,227.93016912923343,229.4265594482422,68488300,0.0,0.0,AAPL
2025-01-21 00:00:00-05:00,223.46094530610958,223.87993275191027,218.85206818023312,222.10421752929688,98070400,0.0,0.0,AAPL
2025-01-22 00:00:00-05:00,219.26106511921876,223.58064673096774,219.26106511921876,223.29135131835938,64126500,0.0,0.0,AAPL
2025-01-23 00:00:00-05:00,224.19918327232872,226.4836658384098,221.76505253825962,223.1217803955078,60234800,0.0,0.0,AAPL
2025-01-24 00:00:00-05:00,224.23906824814947,225.08702882156655,220.877182986192,222.24388122558594,54697900,0.0,0.0,AAPL
2025-01-27 00:00:00-05:00,223.48089669223063,231.59132137138346,223.44098442848647,229.3068389892578,94863400,0.0,0.0,AAPL
2025-01-28 00:00:00-05:00,230.2944737209622,239.61199368769647,230.25456145518996,237.68663024902344,75707600,0.0,0.0,AAPL
2025-01-29 00:00:00-05:00,233.55660081590926,239.2827933650634,233.4468649147594,238.78399658203125,45486100,0.0,0.0,AAPL
2025-01-30 00:00:00-05:00,238.09563705158317,240.21053038482776,236.63915907674937,237.0182342529297,55658300,0.0,0.0,AAPL
2025-01-31 00:00:00-05:00,246.59515764263173,246.59515764263173,232.87824601959832,235.4320831298828,101075100,0.0,0.0,AAPL
2025-02-03 00:00:00-05:00,229.43654993330725,231.27211844312274,225.15686500690927,227.4613037109375,73063300,0.0,0.0,AAPL
2025-02-04 00:00:00-05:00,226.70312948058964,232.5689843025687,226.10456727432145,232.23977661132812,45067300,0.0,0.0,AAPL
2025-02-05 00:00:00-05:00,227.98004730881974,232.11008389811693,227.72067847197073,231.9105682373047,39620300,0.0,0.0,AAPL
2025-02-06 00:00:00-05:00,230.7334042435517,233.23737378273856,229.875473186273,232.6587677001953,29925300,0.0,0.0,AAPL
2025-02-07 00:00:00-05:00,232.04025529180169,233.43688010961284,226.71309440770742,227.08221435546875,39707200,0.0,0.0,AAPL
2025-02-10 00:00:00-05:00,229.26935130196645,230.2880044885276,226.90244480659103,227.3518524169922,33115600,0.25,0.0,AAPL
2025-02-11 00:00:00-05:00,227.90114370319637,234.92193591818142,227.83124330015124,232.3153533935547,53718400,0.0,0.0,AAPL
2025-02-12 00:00:00-05:00,230.89721134547665,236.64967765066982,230.377888084301,236.55978393554688,45243300,0.0,0.0,AAPL
2025-02-13 00:00:00-05:00,236.5997394445533,242.02262084431055,235.2614980047627,241.21368408203125,53614100,0.0,0.0,AAPL
2025-02-14 00:00:00-05:00,240.93404435379279,245.22841586050225,240.67439035154717,244.2796630859375,40896200,0.0,0.0,AAPL
2025-02-18 00:00:00-05:00,243.83025306858283,244.85890295305822,241.52328070167576,244.14984130859375,48822500,0.0,0.0,AAPL
2025-02-19 00:00:00-05:00,244.33958470767533,245.68780753699892,242.84154918255663,244.54930114746094,32204200,0.0,0.0,AAPL
2025-02-20 00:00:00-05:00,244.61922281669615,246.4568094488268,243.9700649298591,245.508056640625,32316900,0.0,0.0,AAPL
2025-02-21 00:00:00-05:00,245.6278941258364,248.36431123309396,244.89885442060717,245.22842407226562,53197400,0.0,0.0,AAPL
2025-02-24 00:00:00-05:00,244.609226181644,248.53408727873096,244.09989957647335,246.77639770507812,51326400,0.0,0.0,AAPL
2025-02-25 00:00:00-05:00,247.67521063757022,249.67259136851834,244.58926106556868,246.71646118164062,48013300,0.0,0.0,AAPL
2025-02-26 00:00:00-05:00,244.01001367840516,244.65915630674968,238.8168269352331,240.0452117919922,44433600,0.0,0.0,AAPL
2025-02-27 00:00:00-05:00,239.09646458024955,242.14247324939222,236.74953612071198,236.98922729492188,41153600,0.0,0.0,AAPL
2025-02-28 00:00:00-05:00,236.63967447024518,241.77294223985544,229.89851463379637,241.5232696533203,56833400,0.0,0.0,AAPL
2025-03-03 00:00:00-05:00,241.47333193183624,243.71040379171194,235.80077808405883,237.71826171875,47184000,0.0,0.0,AAPL
2025-03-04 00:00:00-05:00,237.39870037793833,239.75561031847352,234.3726544629493,235.6210174560547,53798100,0.0,0.0,AAPL
2025-03-05 00:00:00-05:00,235.11168617953675,236.2402111793479,228.92979032203158,235.4312744140625,47227600,0.0,0.0,AAPL
2025-03-06 00:00:00-05:00,234.13297099659667,237.54849020730907,232.8546485518437,235.0218048095703,45170400,0.0,0.0,AAPL
2025-03-07 00:00:00-05:00,234.80209169163373,241.05388787370777,234.45254396930395,238.7569122314453,46273600,0.0,0.0,AAPL
2025-03-10 00:00:00-04:00,235.23152514577004,235.85072354308846,223.92635798057333,227.1820831298828,72071200,0.0,0.0,AAPL
2025-03-11 00:00:00-04:00,223.51689291637274,225.54423318142804,217.16522145004404,220.55078125,76137400,0.0,0.0,AAPL
2025-03-12 00:00:00-04:00,219.85169651198805,221.4595886104368,214.6285501658544,216.69583129882812,62547500,0.0,0.0,AAPL
2025-03-13 00:00:00-04:00,215.6671885752157,216.55602242060417,208.14705109128238,209.4053955078125,61368300,0.0,0.0,AAPL
2025-03-14 00:00:00-04:00,210.97334672214788,213.66980775083542,209.30553558500114,213.21041870117188,60107600,0.0,0.0,AAPL
2025-03-17 00:00:00-04:00,213.0306430192638,214.93814530685134,209.69502079955336,213.71974182128906,48073400,0.0,0.0,AAPL
2025-03-18 00:00:00-04:00,213.87952928252258,214.8682229774316,211.21302787332291,212.4114532470703,42432400,0.0,0.0,AAPL
2025-03-19 00:00:00-04:00,213.93944620866878,218.47349365471302,213.470060528986,214.95811462402344,54385400,0.0,0.0,AAPL
2025-03-20 00:00:00-04:00,213.70975404736055,217.20517028159983,211.94206785632258,213.81961059570312,48862900,0.0,0.0,AAPL
2025-03-21 00:00:00-04:00,211.2829271905112,218.5533916912833,211.0032951126973,217.98414611816406,94127800,0.0,0.0,AAPL
2025-03-24 00:00:00-04:00,220.71056863168138,221.1899357355996,218.29373979930335,220.44091796875,44299500,0.0,0.0,AAPL
2025-03-25 00:00:00-04:00,220.48087718007702,223.80651793975238,219.79177838679217,223.45697021484375,34493600,0.0,0.0,AAPL
2025-03-26 00:00:00-04:00,223.21727075576553,224.7253029108424,220.18125884970436,221.2398681640625,34466100,0.0,0.0,AAPL
2025-03-27 00:00:00-04:00,221.1000540446544,224.69534536875565,220.271139232742,223.5568389892578,37094800,0.0,0.0,AAPL
2025-03-28 00:00:00-04:00,221.3796909591809,223.51688772665744,217.39491092445158,217.6146240234375,39818600,0.0,0.0,AAPL
2025-03-31 00:00:00-04:00,216.72579102857173,225.32451569687797,215.9468137615173,221.83909606933594,65299300,0.0,0.0,AAPL
2025-04-01 00:00:00-04:00,219.5221267668628,223.3870536043053,218.61331487709137,222.897705078125,36412700,0.0,0.0,AAPL
2025-04-02 00:00:00-04:00,221.03016017035932,224.89508702876748,220.73055001137135,223.59678649902344,35905900,0.0,0.0,AAPL
2025-04-03 00:00:00-04:00,205.27081771109022,207.2182761783418,200.9864426085102,202.9239044189453,103419000,0.0,0.0,AAPL
2025-04-04 00:00:00-04:00,193.6360793511012,199.61824028069563,187.09465424061224,188.13330078125,125910900,0.0,0.0,AAPL
2025-04-07 00:00:00-04:00,176.967935484531,193.89573468350994,174.39131242893686,181.2223663330078,160466300,0.0,0.0,AAPL
2025-04-08 00:00:00-04:00,186.4554964395268,190.09072892121037,168.9884109270566,172.19419860839844,120859500,0.0,0.0,AAPL
2025-04-09 00:00:00-04:00,171.72480450043201,200.3472738997123,171.6648855169899,198.58958435058594,184395900,0.0,0.0,AAPL
2025-04-10 00:00:00-04:00,188.82240088513313,194.52491452460524,182.76034285398336,190.17062377929688,121880000,0.0,0.0,AAPL
2025-04-11 00:00:00-04:00,185.856281088865,199.27866665425725,185.81632494094944,197.89048767089844,87435900,0.0,0.0,AAPL
2025-04-14 00:00:00-04:00,211.1630921847052,212.6611277249045,200.8965565016436,202.25477600097656,101352900,0.0,0.0,AAPL
2025-04-15 00:00:00-04:00,201.59564256833872,203.24347561495443,199.53834280484799,201.87527465820312,51343900,0.0,0.0,AAPL
2025-04-16 00:00:00-04:00,198.10021911176236,200.4371508814261,192.11805840887246,194.0155792236328,59732400,0.0,0.0,AAPL
2025-04-17 00:00:00-04:00,196.94174374665747,198.56961397436802,194.16538565496842,196.72203063964844,51334300,0.0,0.0,AAPL
2025-04-21 00:00:00-04:00,193.01688474432112,193.54618940120912,189.56140949031536,192.9070281982422,46742500,0.0,0.0,AAPL
2025-04-22 00:00:00-04:00,195.8631544964882,201.32599215129426,195.71335703344474,199.47842407226562,52976400,0.0,0.0,AAPL
2025-04-23 00:00:00-04:00,205.7302222309065,207.7276030292648,202.5344160012944,204.33206176757812,52929200,0.0,0.0,AAPL
2025-04-24 00:00:00-04:00,204.62166872266098,208.5565112075726,202.67422555441442,208.09710693359375,47311000,0.0,0.0,AAPL
2025-04-25 00:00:00-04:00,206.0997277622984,209.47530610539675,205.92995222724628,209.00592041015625,38222300,0.0,0.0,AAPL
2025-04-28 00:00:00-04:00,209.72497582911666,211.2230113707532,207.1883090170199,209.8647918701172,38743100,0.0,0.0,AAPL
2025-04-29 00:00:00-04:00,208.41669143858087,211.96204522644123,208.09710321217068,210.9333953857422,36827600,0.0,0.0,AAPL
2025-04-30 00:00:00-04:00,209.02590396975114,213.30029766677714,206.399343338795,212.22171020507812,52286500,0.0,0.0,AAPL
2025-05-01 00:00:00-04:00,208.80618155790114,214.2790004444518,208.62640936955898,213.04063415527344,57365700,0.0,0.0,AAPL
2025-05-02 00:00:00-04:00,205.82009105417706,206.71892151455646,201.89524528415058,205.08106994628906,101010600,0.0,0.0,AAPL
2025-05-05 00:00:00-04:00,202.83402512431957,203.83271551835597,197.9504297070337,198.62953186035156,69018500,0.0,0.0,AAPL
2025-05-06 00:00:00-04:00,197.9504203457911,200.38721199140494,196.7619763948813,198.25001525878906,51216500,0.0,0.0,AAPL
2025-05-07 00:00:00-04:00,198.90915494694545,199.1788056079939,192.99690991055434,195.99298095703125,68536700,0.0,0.0,AAPL
2025-05-08 00:00:00-04:00,197.46106353953903,199.78801395815432,194.42503624466005,197.2313690185547,50478900,0.0,0.0,AAPL
2025-05-09 00:00:00-04:00,198.739389980464,200.2773664943336,197.28129528859796,198.27000427246094,36453900,0.0,0.0,AAPL
2025-05-12 00:00:00-04:00,210.97000122070312,211.27000427246094,206.75,210.7899932861328,63775800,0.26,0.0,AAPL
2025-05-13 00:00:00-04:00,210.42999267578125,213.39999389648438,209.0,212.92999267578125,51909300,0.0,0.0,AAPL
2025-05-14 00:00:00-04:00,212.42999267578125,213.94000244140625,210.5800018310547,212.3300018310547,49325800,0.0,0.0,AAPL
2025-05-15 00:00:00-04:00,210.9499969482422,212.9600067138672,209.5399932861328,211.4499969482422,45029500,0.0,0.0,AAPL
2025-05-16 00:00:00-04:00,212.36000061035156,212.57000732421875,209.77000427246094,211.25999450683594,54737900,0.0,0.0,AAPL
2025-05-19 00:00:00-04:00,207.91000366210938,209.47999572753906,204.25999450683594,208.77999877929688,46140500,0.0,0.0,AAPL
2025-05-20 00:00:00-04:00,207.6699981689453,208.47000122070312,205.02999877929688,206.86000061035156,42496600,0.0,0.0,AAPL
2025-05-21 00:00:00-04:00,205.1699981689453,207.0399932861328,200.7100067138672,202.08999633789062,59211800,0.0,0.0,AAPL
2025-05-22 00:00:00-04:00,200.7100067138672,202.75,199.6999969482422,201.36000061035156,46742400,0.0,0.0,AAPL
2025-05-23 00:00:00-04:00,193.6699981689453,197.6999969482422,193.4600067138672,195.27000427246094,78432900,0.0,0.0,AAPL
2025-05-27 00:00:00-04:00,198.3000030517578,200.74000549316406,197.42999267578125,200.2100067138672,56288500,0.0,0.0,AAPL
2025-05-28 00:00:00-04:00,200.58999633789062,202.72999572753906,199.89999389648438,200.4199981689453,45339700,0.0,0.0,AAPL
2025-05-29 00:00:00-04:00,203.5800018310547,203.80999755859375,198.50999450683594,199.9499969482422,51396800,0.0,0.0,AAPL
2025-05-30 00:00:00-04:00,199.3699951171875,201.9600067138672,196.77999877929688,200.85000610351562,70819900,0.0,0.0,AAPL
2025-01-02 00:00:00-05:00,167.50509987539914,167.67407423776493,163.90689085448335,165.03009033203125,5360800,0.0,0.0,ORCL
2025-01-03 00:00:00-05:00,165.69604525052148,166.19303399762376,164.27466471391756,165.31834411621094,5876000,0.0,0.0,ORCL
2025-01-06 00:00:00-05:00,166.30237741021983,167.03792623937278,164.19514990898898,164.692138671875,6845400,0.0,0.0,ORCL
2025-01-07 00:00:00-05:00,164.58279176291896,165.15930051715839,160.34845318895802,161.05416870117188,7712200,0.0,0.0,ORCL
2025-01-08 00:00:00-05:00,161.2032609048485,162.99242340753844,160.45777779263543,162.15748596191406,7596200,0.0,0.0,ORCL
2025-01-10 00:00:00-05:00,158.6301649974442,158.6301649974442,153.36906516326223,153.94699096679688,13593900,0.4,0.0,ORCL
2025-01-13 00:00:00-05:00,153.18971591239946,153.5982368229494,151.87443335890464,153.3690643310547,8828500,0.0,0.0,ORCL
2025-01-14 00:00:00-05:00,155.86011041560405,156.68714134865402,153.79752765346367,155.75050354003906,7410200,0.0,0.0,ORCL
2025-01-15 00:00:00-05:00,158.10205920217462,158.5803368463917,156.697102467854,157.74334716796875,10701200,0.0,0.0,ORCL
2025-01-16 00:00:00-05:00,159.57675026920245,160.9219241377813,157.84298818563232,158.96893310546875,9210600,0.0,0.0,ORCL
2025-01-17 00:00:00-05:00,161.1909700230139,162.57599409442003,159.96536169768268,160.45361328125,11618300,0.0,0.0,ORCL
2025-01-21 00:00:00-05:00,163.28344459612876,172.74944062886144,162.16745835023644,171.9523162841797,30232000,0.0,0.0,ORCL
2025-01-22 00:00:00-05:00,190.82450754318432,191.30280038798995,179.92367872729108,183.56060791015625,48028500,0.0,0.0,ORCL
2025-01-23 00:00:00-05:00,180.98983792705485,185.90219941161354,180.8503396506427,185.80255126953125,17314600,0.0,0.0,ORCL
2025-01-24 00:00:00-05:00,187.96477837127284,188.42313852978165,181.21900675993388,182.9428253173828,12147200,0.0,0.0,ORCL
2025-01-27 00:00:00-05:00,168.29543736508225,171.90249036393845,152.11357615688183,157.7134552001953,42201600,0.0,0.0,ORCL
2025-01-28 00:00:00-05:00,162.40659978900746,165.23643065657802,156.18892974388308,163.41297912597656,20319300,0.0,0.0,ORCL
2025-01-29 00:00:00-05:00,163.4428787778422,163.4428787778422,159.43726348868836,161.44007873535156,9866600,0.0,0.0,ORCL
2025-01-30 00:00:00-05:00,164.19019508451598,170.87618440075505,163.5126363339415,169.77015686035156,14981700,0.0,0.0,ORCL
2025-01-31 00:00:00-05:00,169.8000472557966,172.3807731000268,168.52463003532097,169.4512939453125,8722500,0.0,0.0,ORCL
2025-02-03 00:00:00-05:00,162.61584057739907,169.29185562628382,162.61584057739907,167.99652099609375,8250600,0.0,0.0,ORCL
2025-02-04 00:00:00-05:00,169.79007286068395,169.79007286068395,165.7545813871879,167.2890625,6777000,0.0,0.0,ORCL
2025-02-05 00:00:00-05:00,168.385121583764,171.27473522349757,167.9168026884444,171.04556274414062,7866700,0.0,0.0,ORCL
2025-02-06 00:00:00-05:00,172.38076055786874,175.02126901653747,170.95588642467018,171.73309326171875,7036900,0.0,0.0,ORCL
2025-02-07 00:00:00-05:00,174.37360119390442,176.7550457677572,172.56010844348555,173.83554077148438,9991300,0.0,0.0,ORCL
2025-02-10 00:00:00-05:00,175.3700252121387,179.34574887084753,174.29388914201814,178.27957153320312,7625900,0.0,0.0,ORCL
2025-02-11 00:00:00-05:00,176.98422443966885,178.47885535937107,175.81841414680179,176.55577087402344,6528800,0.0,0.0,ORCL
2025-02-12 00:00:00-05:00,174.2640026479038,174.2640026479038,170.09897172982562,171.6035614013672,7454800,0.0,0.0,ORCL
2025-02-13 00:00:00-05:00,172.38076383289615,173.75582912649352,171.48399137439372,173.23768615722656,6421700,0.0,0.0,ORCL
2025-02-14 00:00:00-05:00,173.62629530171944,174.40350217913223,172.19144715751972,173.53662109375,7260900,0.0,0.0,ORCL
2025-02-18 00:00:00-05:00,176.11734712972253,181.58770188606573,175.45970586201898,179.15643310546875,11430500,0.0,0.0,ORCL
2025-02-19 00:00:00-05:00,177.9407908077762,181.02968551463908,175.0710946429014,180.87026977539062,8688500,0.0,0.0,ORCL
2025-02-20 00:00:00-05:00,179.16638568885074,179.6247458547772,173.80563799445306,175.37002563476562,8737000,0.0,0.0,ORCL
2025-02-21 00:00:00-05:00,175.48958792567146,176.24687729818294,166.95027144949378,167.20933532714844,9713900,0.0,0.0,ORCL
2025-02-24 00:00:00-05:00,172.94873307335163,173.54657631856873,164.07062176370417,169.35165405273438,10639100,0.0,0.0,ORCL
2025-02-25 00:00:00-05:00,168.6840372542836,169.9893610161996,163.8514064504533,167.9367218017578,8316100,0.0,0.0,ORCL
2025-02-26 00:00:00-05:00,170.36798897365202,173.24764388330635,168.5246199965117,171.8526611328125,6915100,0.0,0.0,ORCL
2025-02-27 00:00:00-05:00,172.38076903521497,174.234112015668,163.990909152915,164.17025756835938,7436800,0.0,0.0,ORCL
2025-02-28 00:00:00-05:00,162.52616888414607,165.55528089677478,160.2343984039471,165.46560668945312,12843300,0.0,0.0,ORCL
2025-03-03 00:00:00-05:00,166.35242526513198,166.52181495193415,160.5532649608152,161.44007873535156,8081800,0.0,0.0,ORCL
2025-03-04 00:00:00-05:00,158.65009290278897,159.1881533496866,152.9704983892157,156.90635681152344,13171900,0.0,0.0,ORCL
2025-03-05 00:00:00-05:00,157.49424764827307,161.90839909397576,156.4878682515883,160.98171997070312,7141000,0.0,0.0,ORCL
2025-03-06 00:00:00-05:00,156.59747212151717,156.59747212151717,149.19405882752113,150.3997344970703,12321200,0.0,0.0,ORCL
2025-03-07 00:00:00-05:00,150.0808713152394,155.9198968498315,147.968464432448,154.60462951660156,12646500,0.0,0.0,ORCL
2025-03-10 00:00:00-04:00,149.99119310521004,151.9740755912667,146.2745484895996,148.25741577148438,21486100,0.0,0.0,ORCL
2025-03-11 00:00:00-04:00,142.9066509337864,145.25820432754497,137.20712347440835,143.66392517089844,27200200,0.0,0.0,ORCL
2025-03-12 00:00:00-04:00,145.7065905714683,151.68511460191226,144.49095613561087,150.34991455078125,15373900,0.0,0.0,ORCL
2025-03-13 00:00:00-04:00,149.25383526978723,149.63247996384678,144.9592649082363,147.1314697265625,14187700,0.0,0.0,ORCL
2025-03-14 00:00:00-04:00,148.38696445702132,150.3399556614409,147.35069364932323,148.7357177734375,9330000,0.0,0.0,ORCL
2025-03-17 00:00:00-04:00,149.86166104685975,155.19251765470986,149.86166104685975,153.458740234375,9885000,0.0,0.0,ORCL
2025-03-18 00:00:00-04:00,151.82460062323477,151.87442469363154,148.09799734263433,148.91505432128906,9402500,0.0,0.0,ORCL
2025-03-19 00:00:00-04:00,149.5228826105459,153.51853920929116,149.46309980329224,151.90432739257812,6909500,0.0,0.0,ORCL
2025-03-20 00:00:00-04:00,151.03743622779425,153.9370238200174,150.2801620460216,152.17335510253906,7051600,0.0,0.0,ORCL
2025-03-21 00:00:00-04:00,151.1071785949904,153.289342151574,149.57269755385298,151.6851043701172,17620200,0.0,0.0,ORCL
2025-03-24 00:00:00-04:00,155.78039811619834,156.03947721145187,153.47866888660664,154.31565856933594,7848300,0.0,0.0,ORCL
2025-03-25 00:00:00-04:00,153.9569388242331,155.0430488150033,152.50217328721524,153.37901306152344,8521200,0.0,0.0,ORCL
2025-03-26 00:00:00-04:00,152.3427427073119,152.48224098111356,146.03539857666323,147.27096557617188,13210000,0.0,0.0,ORCL
2025-03-27 00:00:00-04:00,145.32795070978568,146.51367845324515,144.40127164486321,145.25819396972656,9148300,0.0,0.0,ORCL
2025-03-28 00:00:00-04:00,143.26535609735672,145.1286577988362,138.61207360794072,140.3657684326172,13144500,0.0,0.0,ORCL
2025-03-31 00:00:00-04:00,138.14375996253648,140.08677721247568,136.27048425276294,139.3095703125,15509900,0.0,0.0,ORCL
2025-04-01 00:00:00-04:00,139.25974093432933,142.73725438553114,138.26332031034656,141.43194580078125,9518500,0.0,0.0,ORCL
2025-04-02 00:00:00-04:00,139.35938242531014,147.36063843757404,139.35938242531014,145.33790588378906,11594400,0.0,0.0,ORCL
2025-04-03 00:00:00-04:00,138.7515739970123,140.89387228944443,136.15091552075057,136.73880004882812,14433800,0.0,0.0,ORCL
2025-04-04 00:00:00-04:00,132.4342659263662,133.3410123236362,126.49559244567142,127.81087493896484,14986900,0.0,0.0,ORCL
2025-04-07 00:00:00-04:00,118.43455508537816,133.6299694870059,118.43455508537816,126.70484924316406,19482700,0.0,0.0,ORCL
2025-04-08 00:00:00-04:00,132.06558215234944,132.51398359423683,121.26438629139686,124.05436706542969,11950300,0.0,0.0,ORCL
2025-04-09 00:00:00-04:00,122.95830920943114,140.08677494093754,122.95830920943114,139.19000244140625,17762000,0.0,0.0,ORCL
2025-04-10 00:00:00-04:00,136.64999389648438,136.64999389648438,129.25999450683594,133.35000610351562,12401600,0.5,0.0,ORCL
2025-04-11 00:00:00-04:00,132.11000061035156,133.0,128.83999633789062,132.35000610351562,10190200,0.0,0.0,ORCL
2025-04-14 00:00:00-04:00,136.8000030517578,136.8000030517578,132.8699951171875,134.63999938964844,8217700,0.0,0.0,ORCL
2025-04-15 00:00:00-04:00,134.75999450683594,136.47999572753906,133.72000122070312,133.94000244140625,8630000,0.0,0.0,ORCL
2025-04-16 00:00:00-04:00,132.27999877929688,132.5399932861328,127.8499984741211,129.75999450683594,8295200,0.0,0.0,ORCL
2025-04-17 00:00:00-04:00,130.89999389648438,131.3000030517578,128.44000244140625,128.6199951171875,8919500,0.0,0.0,ORCL
2025-04-21 00:00:00-04:00,126.88999938964844,127.19999694824219,121.23999786376953,122.81999969482422,12201200,0.0,0.0,ORCL
2025-04-22 00:00:00-04:00,124.5,127.98999786376953,123.38999938964844,127.23999786376953,11233700,0.0,0.0,ORCL
2025-04-23 00:00:00-04:00,134.91000366210938,135.8699951171875,130.99000549316406,131.39999389648438,9528900,0.0,0.0,ORCL
2025-04-24 00:00:00-04:00,132.50999450683594,137.86000061035156,132.0,137.50999450683594,7305900,0.0,0.0,ORCL
2025-04-25 00:00:00-04:00,137.49000549316406,139.0,136.75999450683594,138.49000549316406,5476400,0.0,0.0,ORCL
2025-04-28 00:00:00-04:00,139.64999389648438,140.6699981689453,138.0800018310547,140.13999938964844,6985100,0.0,0.0,ORCL
2025-04-29 00:00:00-04:00,139.80999755859375,141.16000366210938,139.5500030517578,140.7899932861328,4851500,0.0,0.0,ORCL
2025-04-30 00:00:00-04:00,138.47999572753906,141.3000030517578,135.57000732421875,140.72000122070312,9443500,0.0,0.0,ORCL
2025-05-01 00:00:00-04:00,146.55999755859375,148.63999938964844,145.33999633789062,145.49000549316406,11525800,0.0,0.0,ORCL
2025-05-02 00:00:00-04:00,148.3300018310547,153.05999755859375,148.3300018310547,150.72999572753906,11346000,0.0,0.0,ORCL
2025-05-05 00:00:00-04:00,149.44000244140625,150.82000732421875,148.52000427246094,149.2899932861328,5187400,0.0,0.0,ORCL
2025-05-06 00:00:00-04:00,146.97999572753906,148.94000244140625,145.72000122070312,147.6999969482422,5108600,0.0,0.0,ORCL
2025-05-07 00:00:00-04:00,147.5,149.89999389648438,147.24000549316406,149.3699951171875,6049600,0.0,0.0,ORCL
2025-05-08 00:00:00-04:00,149.0500030517578,151.80999755859375,148.61000061035156,150.3000030517578,6113600,0.0,0.0,ORCL
2025-05-09 00:00:00-04:00,150.0399932861328,151.8000030517578,149.7899932861328,150.33999633789062,4707100,0.0,0.0,ORCL
2025-05-12 00:00:00-04:00,156.30999755859375,157.42999267578125,154.4199981689453,157.22000122070312,7875500,0.0,0.0,ORCL
2025-05-13 00:00:00-04:00,158.22000122070312,163.22000122070312,157.57000732421875,162.27000427246094,11955200,0.0,0.0,ORCL
2025-05-14 00:00:00-04:00,162.36000061035156,163.41000366210938,161.05999755859375,162.9499969482422,7499400,0.0,0.0,ORCL
2025-05-15 00:00:00-04:00,161.36000061035156,161.74000549316406,158.91000366210938,159.39999389648438,10169200,0.0,0.0,ORCL
2025-05-16 00:00:00-04:00,160.0,160.83999633789062,158.52000427246094,160.49000549316406,8515500,0.0,0.0,ORCL
2025-05-19 00:00:00-04:00,158.3000030517578,161.97000122070312,157.8300018310547,159.63999938964844,10268900,0.0,0.0,ORCL
2025-05-20 00:00:00-04:00,158.6300048828125,160.36000061035156,157.52999877929688,160.30999755859375,7576400,0.0,0.0,ORCL
2025-05-21 00:00:00-04:00,158.35000610351562,160.89999389648438,156.4600067138672,157.17999267578125,6011000,0.0,0.0,ORCL
2025-05-22 00:00:00-04:00,156.97999572753906,159.19000244140625,156.82000732421875,157.30999755859375,7603300,0.0,0.0,ORCL
2025-05-23 00:00:00-04:00,154.99000549316406,157.3800048828125,154.25999450683594,155.97000122070312,6527500,0.0,0.0,ORCL
2025-05-27 00:00:00-04:00,159.32000732421875,162.39999389648438,158.9199981689453,161.91000366210938,6976800,0.0,0.0,ORCL
2025-05-28 00:00:00-04:00,161.8699951171875,164.32000732421875,161.27999877929688,163.85000610351562,8090700,0.0,0.0,ORCL
2025-05-29 00:00:00-04:00,165.0,165.32000732421875,161.49000549316406,162.89999389648438,6994700,0.0,0.0,ORCL
2025-05-30 00:00:00-04:00,163.42999267578125,165.75,161.5500030517578,165.52999877929688,17547900,0.0,0.0,ORCL
2025-01-02 00:00:00-05:00,218.8953479508421,219.5565123069651,214.7309867342787,217.04013061523438,2579500,0.0,0.0,IBM
2025-01-03 00:00:00-05:00,217.64208321662528,220.71107891953193,217.64208321662528,219.71438598632812,3872100,0.0,0.0,IBM
2025-01-06 00:00:00-05:00,220.05976638915047,221.3919727916777,217.83943242334064,219.73411560058594,2846700,0.0,0.0,IBM
2025-01-07 00:00:00-05:00,220.4051832327236,223.72088294147298,219.89203510726335,221.00714111328125,3299300,0.0,0.0,IBM
2025-01-08 00:00:00-05:00,220.957782135619,221.93471948967093,217.91838969029317,220.23739624023438,2619800,0.0,0.0,IBM
2025-01-10 00:00:00-05:00,219.07296471709682,219.49728800669158,213.94152891542444,216.85263061523438,3570300,0.0,0.0,IBM
2025-01-13 00:00:00-05:00,215.01715997350385,216.69474277582876,211.91856089611628,214.5336151123047,3716800,0.0,0.0,IBM
2025-01-14 00:00:00-05:00,215.12570158896023,215.25399237623103,211.7803988500416,214.87899780273438,3485500,0.0,0.0,IBM
2025-01-15 00:00:00-05:00,217.95785788172947,218.75717574591854,215.1355659436963,217.12893676757812,2951600,0.0,0.0,IBM
2025-01-16 00:00:00-05:00,216.79343136456745,219.7439991439528,214.51389068631158,219.72427368164062,3329100,0.0,0.0,IBM
2025-01-17 00:00:00-05:00,222.9807588560419,222.9807588560419,220.6913404707745,221.826171875,5506800,0.0,0.0,IBM
2025-01-21 00:00:00-05:00,222.0235475269608,224.45110438018756,219.89202317466098,221.30316162109375,3982200,0.0,0.0,IBM
2025-01-22 00:00:00-05:00,219.05322302603838,221.44131388479866,217.444724568909,220.31634521484375,4759500,0.0,0.0,IBM
2025-01-23 00:00:00-05:00,220.98737446209955,223.05967712402344,220.20778210592556,223.05967712402344,3619700,0.0,0.0,IBM
2025-01-24 00:00:00-05:00,222.29986391808208,223.8195526979874,220.84924437209725,221.8360595703125,3232900,0.0,0.0,IBM
2025-01-27 00:00:00-05:00,219.26045721071418,221.34263774744906,216.94143562088956,221.1748809814453,4898400,0.0,0.0,IBM
2025-01-28 00:00:00-05:00,221.36237897058552,222.79325790907924,218.84599735731504,222.68470764160156,4485400,0.0,0.0,IBM
2025-01-29 00:00:00-05:00,222.6452315416257,226.44447592999953,220.78015149185777,225.6155548095703,7079800,0.0,0.0,IBM
2025-01-30 00:00:00-05:00,246.7037806137334,258.34818701261855,243.75319797685577,254.86473083496094,15381900,0.0,0.0,IBM
2025-01-31 00:00:00-05:00,252.67400480482368,253.84831723182037,248.56886526207762,252.32862854003906,7203500,0.0,0.0,IBM
2025-02-03 00:00:00-05:00,249.07214072163887,258.6047787948681,248.51952664045533,257.2923278808594,8408500,0.0,0.0,IBM
2025-02-04 00:00:00-05:00,256.57192708138,261.7527063782156,254.7167098671277,260.9731140136719,6077700,0.0,0.0,IBM
2025-02-05 00:00:00-05:00,262.2066584221727,262.21653621104224,257.7363867697167,259.82843017578125,6165100,0.0,0.0,IBM
2025-02-06 00:00:00-05:00,259.51265942742407,259.90737946505004,249.3977890652112,250.0984344482422,6128300,0.0,0.0,IBM
2025-02-07 00:00:00-05:00,251.91417849790025,253.5424175254269,248.69716642478735,249.012939453125,3370300,0.0,0.0,IBM
2025-02-10 00:00:00-05:00,249.20169332612937,250.2844842551764,245.23806372054125,247.62220764160156,3564400,1.67,0.0,IBM
2025-02-11 00:00:00-05:00,249.44010336955157,255.05274784314588,248.92353659805656,253.01629638671875,4801600,0.0,0.0,IBM
2025-02-12 00:00:00-05:00,251.04938769967276,254.70505366806339,250.35401810328545,254.11895751953125,3075300,0.0,0.0,IBM
2025-02-13 00:00:00-05:00,253.9699598590291,257.5660249510764,252.72822300040275,257.47662353515625,4531500,0.0,0.0,IBM
2025-02-14 00:00:00-05:00,257.2878686669572,260.20843608790335,256.2050777996573,259.55279541015625,3925300,0.0,0.0,IBM
2025-02-18 00:00:00-05:00,260.1985150247546,262.21509457900567,258.1123909268776,261.33099365234375,4262800,0.0,0.0,IBM
2025-02-19 00:00:00-05:00,260.26805244238756,262.61243714179113,258.37067483439125,262.5727233886719,3718700,0.0,0.0,IBM
2025-02-20 00:00:00-05:00,261.9071382711256,263.3376215909174,260.4170540059959,262.98992919921875,4884800,0.0,0.0,IBM
2025-02-21 00:00:00-05:00,262.10582360755376,263.07932590787306,259.37400250371803,259.7514953613281,5667900,0.0,0.0,IBM
2025-02-24 00:00:00-05:00,259.7713362590369,262.1058074855269,257.86401521216175,260.1388854980469,4398100,0.0,0.0,IBM
2025-02-25 00:00:00-05:00,259.3541162606296,261.73827530355504,255.0726099584024,256.046142578125,6292200,0.0,0.0,IBM
2025-02-26 00:00:00-05:00,256.3938278340203,256.6222880095936,252.72821827068856,254.1487579345703,3460100,0.0,0.0,IBM
2025-02-27 00:00:00-05:00,253.5328655464323,255.92693784291978,251.37721218317,251.55601501464844,3402200,0.0,0.0,IBM
2025-02-28 00:00:00-05:00,249.2016830528101,251.13878948774385,244.9102332665688,250.771240234375,7988800,0.0,0.0,IBM
2025-03-03 00:00:00-05:00,253.05604273979532,254.29777959542724,246.60893952850287,248.53611755371094,2977700,0.0,0.0,IBM
2025-03-04 00:00:00-05:00,247.1056394665396,253.79114659361747,246.45994235120241,251.53616333007812,5342100,0.0,0.0,IBM
2025-03-05 00:00:00-05:00,249.91693664853352,251.06927212681265,245.37713927744878,249.68846130371094,4009800,0.0,0.0,IBM
2025-03-06 00:00:00-05:00,248.09902620530872,250.43349758011857,245.168530228662,247.04603576660156,3254400,0.0,0.0,IBM
2025-03-07 00:00:00-05:00,244.32414249317546,260.2283028011193,243.55922834021985,259.81109619140625,6700200,0.0,0.0,IBM
2025-03-10 00:00:00-04:00,259.83095033021823,264.68863944587736,253.0659703871385,255.20175170898438,8165500,0.0,0.0,IBM
2025-03-11 00:00:00-04:00,254.29777640179975,255.003089596426,244.23473619960177,247.30430603027344,5630600,0.0,0.0,IBM
2025-03-12 00:00:00-04:00,248.69506953968073,251.45669116093842,243.9069248324555,247.97982788085938,3848800,0.0,0.0,IBM
2025-03-13 00:00:00-04:00,247.1553088594917,247.62220313377776,241.43337567944837,244.17514038085938,3862400,0.0,0.0,IBM
2025-03-14 00:00:00-04:00,241.1452953409668,247.30430706165458,240.08236132566,246.70828247070312,4045200,0.0,0.0,IBM
2025-03-17 00:00:00-04:00,247.6023345730006,252.94677497018623,247.3539871962975,251.29774475097656,3233900,0.0,0.0,IBM
2025-03-18 00:00:00-04:00,250.84077862680087,250.9003947297963,243.49963078601385,245.31753540039062,4171900,0.0,0.0,IBM
2025-03-19 00:00:00-04:00,246.68840908474462,251.98317678267335,245.00957845394765,250.62222290039062,3853600,0.0,0.0,IBM
2025-03-20 00:00:00-04:00,242.62544908424388,245.16852369666958,235.65185077572758,241.71153259277344,7026800,0.0,0.0,IBM
2025-03-21 00:00:00-04:00,240.09230699300565,243.58904222352172,236.9233921114055,242.2578887939453,9580100,0.0,0.0,IBM
2025-03-24 00:00:00-04:00,245.67515376866186,247.17518160831364,244.34401548225787,246.8076171875,4753300,0.0,0.0,IBM
2025-03-25 00:00:00-04:00,246.71821844565514,249.24142112273105,246.5592724867109,248.24803161621094,3133800,0.0,0.0,IBM
2025-03-26 00:00:00-04:00,249.58910769667375,252.63882068642107,247.88047657264397,248.68511962890625,4450100,0.0,0.0,IBM
2025-03-27 00:00:00-04:00,248.05929112209878,248.64538727125907,244.10559011940728,244.58242797851562,2889300,0.0,0.0,IBM
2025-03-28 00:00:00-04:00,244.64203760480856,245.93344699270398,240.46980471600259,242.3870391845703,3125300,0.0,0.0,IBM
2025-03-31 00:00:00-04:00,241.13537136280416,249.23148968018094,240.88702398916783,247.0162353515625,6795000,0.0,0.0,IBM
2025-04-01 00:00:00-04:00,246.3903923475892,248.96326747161618,241.88041076257517,248.68511962890625,4412900,0.0,0.0,IBM
2025-04-02 00:00:00-04:00,246.57913935167787,251.1189214191822,245.59567830398905,248.32749938964844,4080800,0.0,0.0,IBM
2025-04-03 00:00:00-04:00,241.10557426615736,248.95334531976914,240.92675627251688,241.8804168701172,5309600,0.0,0.0,IBM
2025-04-04 00:00:00-04:00,236.42670398143187,238.5724289663913,225.38021745266607,225.9762420654297,7407100,0.0,0.0,IBM
2025-04-07 00:00:00-04:00,217.7907150561017,230.75443564400638,213.08204346396275,224.2874755859375,7797900,0.0,0.0,IBM
2025-04-08 00:00:00-04:00,231.02265780237397,231.50942411023826,215.84366757934217,219.56887817382812,6850000,0.0,0.0,IBM
2025-04-09 00:00:00-04:00,215.68471416752863,234.7379318449974,213.73767931921282,233.7544708251953,7302800,0.0,0.0,IBM
2025-04-10 00:00:00-04:00,229.4729739961123,231.03260278348958,220.55234054991848,228.03256225585938,5656100,0.0,0.0,IBM
2025-04-11 00:00:00-04:00,228.20143704216056,236.00947911469748,226.00603957873818,233.92335510253906,4325900,0.0,0.0,IBM
2025-04-14 00:00:00-04:00,238.18500376359086,240.17178275612014,235.1650912065107,237.4796905517578,3321500,0.0,0.0,IBM
2025-04-15 00:00:00-04:00,237.9664491220027,239.9333560164159,236.69491182077394,239.1088409423828,3363700,0.0,0.0,IBM
2025-04-16 00:00:00-04:00,238.6916227006006,241.69166317013034,234.33064349595062,236.99293518066406,4869900,0.0,0.0,IBM
2025-04-17 00:00:00-04:00,238.09558249515467,240.18170645935345,235.83065570095513,237.23133850097656,4626900,0.0,0.0,IBM
2025-04-21 00:00:00-04:00,236.49623911263006,239.21811656757774,231.39020266981254,234.65846252441406,4908900,0.0,0.0,IBM
2025-04-22 00:00:00-04:00,236.92339688649753,241.0360288299086,236.4465741684281,239.30752563476562,4232700,0.0,0.0,IBM
2025-04-23 00:00:00-04:00,244.3738208206143,247.69173816458664,242.04929299217292,243.8572540283203,7948300,0.0,0.0,IBM
2025-04-24 00:00:00-04:00,229.65177205814368,231.24120128479623,222.95633668303495,227.8140106201172,15428100,0.0,0.0,IBM
2025-04-25 00:00:00-04:00,227.43652288866045,231.81737421954367,224.82391881224996,230.8736572265625,6700100,0.0,0.0,IBM
2025-04-28 00:00:00-04:00,231.32067340027626,235.06575595950397,230.53590238571405,234.59886169433594,3653500,0.0,0.0,IBM
2025-04-29 00:00:00-04:00,235.43331009149728,238.3936065395692,234.57899452029147,237.80751037597656,3426500,0.0,0.0,IBM
2025-04-30 00:00:00-04:00,235.1650868434685,240.8671479030881,232.7908865977616,240.22145080566406,5143000,0.0,0.0,IBM
2025-05-01 00:00:00-04:00,239.84396145383397,240.7678064059005,236.37702666874486,238.0757293701172,4243300,0.0,0.0,IBM
2025-05-02 00:00:00-04:00,241.52278762236452,244.06586225009724,239.73468353788982,243.92678833007812,3731900,0.0,0.0,IBM
2025-05-05 00:00:00-04:00,242.1287649291441,248.14870294205716,242.0294199148506,247.5327911376953,4137800,0.0,0.0,IBM
2025-05-06 00:00:00-04:00,246.12217996536953,248.5361243609531,244.48309333421008,247.4731903076172,2900600,0.0,0.0,IBM
2025-05-07 00:00:00-04:00,247.800998738621,252.7878180916237,247.1851021215366,251.69508361816406,3399700,0.0,0.0,IBM
2025-05-08 00:00:00-04:00,253.314322289474,254.8242634145161,251.5758906659188,252.4600067138672,3637000,0.0,0.0,IBM
2025-05-09 00:00:00-04:00,252.50999450683594,253.0,247.63999938964844,249.1999969482422,2901300,1.68,0.0,IBM
2025-05-12 00:00:00-04:00,252.5,253.80999755859375,244.64999389648438,253.69000244140625,4609500,0.0,0.0,IBM
2025-05-13 00:00:00-04:00,254.42999267578125,259.5799865722656,252.8800048828125,258.5899963378906,3521400,0.0,0.0,IBM
2025-05-14 00:00:00-04:00,257.6000061035156,260.54998779296875,256.2200012207031,257.82000732421875,3634700,0.0,0.0,IBM
2025-05-15 00:00:00-04:00,259.010009765625,267.42999267578125,258.6099853515625,266.67999267578125,4856300,0.0,0.0,IBM
2025-05-16 00:00:00-04:00,266.3500061035156,267.9800109863281,264.5899963378906,266.760009765625,3817900,0.0,0.0,IBM
2025-05-19 00:00:00-04:00,265.45001220703125,269.1400146484375,265.0799865722656,268.4100036621094,3198600,0.0,0.0,IBM
2025-05-20 00:00:00-04:00,267.3999938964844,269.2799987792969,265.6199951171875,266.95001220703125,2437900,0.0,0.0,IBM
2025-05-21 00:00:00-04:00,264.9700012207031,265.6499938964844,260.4100036621094,260.8699951171875,3753900,0.0,0.0,IBM
2025-05-22 00:00:00-04:00,260.7699890136719,261.2699890136719,257.9100036621094,258.3699951171875,3091300,0.0,0.0,IBM
2025-05-23 00:00:00-04:00,258.5799865722656,259.8699951171875,255.7899932861328,258.6300048828125,2722600,0.0,0.0,IBM
2025-05-27 00:00:00-04:00,261.0,263.7900085449219,259.6300048828125,263.2300109863281,3284200,0.0,0.0,IBM
2025-05-28 00:00:00-04:00,263.1600036621094,265.0,259.94000244140625,260.239990234375,2318400,0.0,0.0,IBM
2025-05-29 00:00:00-04:00,260.75,261.1300048828125,256.7699890136719,258.69000244140625,2295000,0.0,0.0,IBM
2025-05-30 00:00:00-04:00,258.75,260.1199951171875,257.1000061035156,259.05999755859375,9668900,0.0,0.0,IBM
